DATE,ID,LEVEL,SECTION,Column_D,LOCATION,DIRECTION,SAMPLE_TYPE,PEG_ID,AU_avg,AU_count,Sample_count
2025-07-01,1L_W24_SBL1_West,1L,W24,,SBL1,West,FLCH,P0771,,0,4
2025-07-01,2L_W23_SBL1_West,2L,W23,,SBL1,West,FLCH,W23_OP,1.1,4,4
2025-07-01,3L_W24_CON-DRV_West,3L,W24,,CON-DRV,West,FLCH,W24_OP,0.19,2,2
2025-07-01,4L_W25_SBL1_South,4L,W25,,SBL1,South,FLCH,W25_OP,1.555,10,10
2025-07-01,6L_E1_B_SBL2_East,6L,E1,B,SBL2,East,FLCH,E1B_OP,4.1675,4,4
2025-07-01,6L_W15_B_CON-DRV_East,6L,W15,B,CON-DRV,East,FLCH,W15B_OP,4.42,3,3
2025-07-01,6L_W1_A_SBL2_West,6L,W1,A,SBL2,West,FLCH,W1A_OP,1.6114,7,7
2025-07-01,6L_W2_A_SBL2_East,6L,W2,A,SBL2,East,FLCH,W2A_OP,1.85,4,4
2025-07-01,6L_W2_A_SBL2_West,6L,W2,A,SBL2,West,FLCH,W2A_OP,4.5125,4,4
2025-07-01,6L_W4_A_SBL2_East,6L,W4,A,SBL2,East,FLCH,W4A_OP,4.1333,6,6
2025-07-02,1L_W27_A_CON-DRV_East,1L,W27,A,CON-DRV,East,SCH,P0900,1.135,6,6
2025-07-02,2L_W23_SBL1_West,2L,W23,,SBL1,West,FLCH,W23_OP,,0,7
2025-07-02,3L_W23_SBL1_East,3L,W23,,SBL1,East,SCH,W23_OP,3.742,5,5
2025-07-02,3L_W23_SBL3_South,3L,W23,,SBL3,South,SLGE,W23_OP,2.1562,8,8
2025-07-02,4L_W25_SBL1_South,4L,W25,,SBL1,South,SCH,W25_OP,5.5342,9,9
2025-07-02,6L_E1_B_SBL2_East,6L,E1,B,SBL2,East,FLCH,E1B_OP,1.7025,4,4
2025-07-02,6L_W14_C_SBL1_East,6L,W14,C,SBL1,East,FLCH,W15A_OP,0.1925,4,4
2025-07-02,6L_W15_A_SBL1_West,6L,W15,A,SBL1,West,FLCH,W15A_OP,0.725,4,4
2025-07-02,6L_W15_B_CON-DRV_East,6L,W15,B,CON-DRV,East,FLCH,W15B_OP,13.9275,4,4
2025-07-02,6L_W1_A_SBL2_West,6L,W1,A,SBL2,West,FLCH,W1A_OP,7.3086,7,7
2025-07-02,6L_W2_A_SBL2_East,6L,W2,A,SBL2,East,FLCH,W2A_OP,1.8862,8,8
2025-07-02,6L_W4_A_SBL2_East,6L,W4,A,SBL2,East,FLCH,W4A_OP,4.4675,4,4
2025-07-03,1L_W27_A_CON-DRV_West,1L,W27,A,CON-DRV,West,SCH,P0900,0.7066,5,5
2025-07-03,2L_W23_SBL1_West,2L,W23,,SBL1,West,SCH,W23_OPP,0.3725,6,6
2025-07-03,3L_W23_SBL1_East,3L,W23,,SBL1,East,FLCH,W23_OP,2.3235,10,10
2025-07-03,3L_W24_SBL1_West,3L,W24,,SBL1,West,FLCH,W23_OP,3.11,2,2
2025-07-03,4L_W25_SBL1_East,4L,W25,,SBL1,East,FLCH,W25_OP,0.4933,3,3
2025-07-03,5L_W8_CON-DRV_North,5L,W8,,CON-DRV,North,SCH,W8_OP,4.1382,9,9
2025-07-03,6L_E1_SBL2_East,6L,E1,,SBL2,East,SCH,E1_OP,0.1345,2,4
2025-07-03,6L_W14_SBL1_East,6L,W14,,SBL1,East,FLCH,W15_OP,1.997,5,5
2025-07-03,6L_W15_SBL1_West,6L,W15,,SBL1,West,FLCH,W15_OP,1.4573,15,15
2025-07-03,6L_W1_SBL2_West,6L,W1,,SBL2,West,FLCH,E1_OP,2.7705,10,10
2025-07-03,6L_W4_SBL2_East,6L,W4,,SBL2,East,FLCH,W4_OP,2.5823,12,12
2025-07-04,1L_W27_A_CON-DRV_East,1L,W27,A,CON-DRV,East,SCH,P0900,0.258,5,5
2025-07-04,2L_W23_SBL1_West,2L,W23,,SBL1,West,SCH,W23_OP,0.1633,6,6
2025-07-04,3L_W23_SBL1_East,3L,W23,,SBL1,East,FLCH,W23_OP,2.256,5,5
2025-07-04,3L_W24_SBL1_West,3L,W24,,SBL1,West,FLCH,W24_OP,0.576,5,5
2025-07-04,4L_W25_SBL1_West,4L,W25,,SBL1,West,SCH,W25_OP,0.32,4,4
2025-07-04,5L_W8_SBL1_North,5L,W8,,SBL1,North,SCH,W8_OP,1.714,5,5
2025-07-04,6L_W15_SBL1_West,6L,W15,,SBL1,West,FLCH,W15A_OP,3.0237,8,8
2025-07-04,6L_W1_A_SBL2_East,6L,W1,A,SBL2,East,FLCH,W1A_OP,0.661,10,10
2025-07-04,6L_W2_A_SBL2_East,6L,W2,A,SBL2,East,FLCH,W2_OP,1.742,5,5
2025-07-04,6L_W2_SBL2_West,6L,W2,,SBL2,West,FLCH,W2_OP,0.826,5,5
2025-07-05,1L_W27_A_CON-DRV_East,1L,W27,A,CON-DRV,East,FLCH,P0900,,0,7
2025-07-05,3L_W23_SBL3_East,3L,W23,,SBL3,East,FLCH,W23_OP,5.0095,4,4
2025-07-05,3L_W23_SBL3_West,3L,W23,,SBL3,West,SCH,W23_OP,0.3964,5,5
2025-07-05,3L_W24_SBL1_West,3L,W24,,SBL1,West,FLCH,W24_OP,3.5638,4,4
2025-07-05,4L_W25_SBL1_West,4L,W25,,SBL1,West,SCH,W25_OP,0.186,4,4
2025-07-05,6L_W14_C_SBL1_East,6L,W14,C,SBL1,East,FLCH,W15A_OP,0.106,5,5
2025-07-05,6L_W15_A_SBL1_West,6L,W15,A,SBL1,West,FLCH,W15A_OP,0.84,3,3
2025-07-05,6L_W1_A_SBL2_West,6L,W1,A,SBL2,West,FLCH,W1A_OP,2.866,10,10
2025-07-05,6L_W2_A_CON-DRV_West,6L,W2,A,CON-DRV,West,GRABS,W2A_OP,15.12,3,3
2025-07-05,6L_W2_A_SBL2_East,6L,W2,A,SBL2,East,FLCH,W2A_OP,1.026,5,5
2025-07-05,6L_W2_A_SBL2_West,6L,W2,A,SBL2,West,FLCH,W2A_OP,0.134,5,5
2025-07-05,6L_W4_A_SBL2_East,6L,W4,A,SBL2,East,FLCH,W4A_OP,7.41,7,7
2025-07-05,6L_W4_A_SBL2_West,6L,W4,A,SBL2,West,FLCH,W4A_OP,0.2725,4,4
2025-07-07,1L_W27_A_CON-DRV_East,1L,W27,A,CON-DRV,East,SCH,P0900,0.888,5,5
2025-07-07,2L_W23_SBL1_East,2L,W23,,SBL1,East,SCH,W23_OP,7.649,5,5
2025-07-07,3L_W23_SBL1_East,3L,W23,,SBL1,East,SCH,W23_OP,1.6365,4,4
2025-07-07,3L_W23_SBL1_South,3L,W23,,SBL1,South,SCH,W23_OP,2.4127,6,6
2025-07-07,3L_W24_SBL1_West,3L,W24,,SBL1,West,FLCH,W24_OP,3.162,3,3
2025-07-07,4L_W25_SBL1_East,4L,W25,,SBL1,East,FLCH,W25_OP,1.7322,4,4
2025-07-07,4L_W25_SBL1_South,4L,W25,,SBL1,South,FLCH,W25_OP,2.6963,3,3
2025-07-07,5L_W8_CON-DRV_North,5L,W8,,CON-DRV,North,SCH,W8_OP,2.324,7,7
2025-07-07,6L_W1_A_SBL2_West,6L,W1,A,SBL2,West,FLCH,W1A_OP,8.5489,10,10
2025-07-07,6L_W2_SBL2_East,6L,W2,,SBL2,East,FLCH,W2_OP,2.6738,6,6
2025-07-07,6L_W4_SBL2_East,6L,W4,,SBL2,East,FLCH,W4A_OP,13.2432,4,4
2025-07-08,2L_W23_SBL1_West,2L,W23,,SBL1,West,SCH,W23_OP,4.13,4,4
2025-07-08,3L_W24_SBL1_North,3L,W24,,SBL1,North,SCH,W24_OP,1.9067,3,3
2025-07-08,4L_W25_SBL1_South,4L,W25,,SBL1,South,SCH,W25_OP,1.3629,7,7
2025-07-08,5L_W12_C_CON-DRV_South,5L,W12,C,CON-DRV,South,SCH,W12_OP,0.1967,3,3
2025-07-08,5L_W8_C_CON-DRV_North,5L,W8,C,CON-DRV,North,FLCH,W8_OP,3.1,2,2
2025-07-08,5L_W8_C_CON-DRV_West,5L,W8,C,CON-DRV,West,FLCH,W8_OP,5.8456,9,9
2025-07-08,6L_W15_A_SBL1_West,6L,W15,A,SBL1,West,SCH,W15A_OP,1.37,9,9
2025-07-08,6L_W1_A_SBL2_West,6L,W1,A,SBL2,West,FLCH,W1A_OP,4.8943,7,7
2025-07-08,6L_W2_B_SBL2_East,6L,W2,B,SBL2,East,FLCH,W2_OP,8.8333,6,6
2025-07-08,6L_W4_A_SBL2_East,6L,W4,A,SBL2,East,FLCH,W4A_OP,2.708,5,5
2025-07-09,3L_W23_SBL3_East,3L,W23,,SBL3,East,FLCH,W23_OP,0.9538,4,4
2025-07-09,3L_W23_SBL3_South,3L,W23,,SBL3,South,SCH,W23_OP,5.05,3,5
2025-07-09,3L_W24_West,3L,W24,,,West,SCH,W24_OP,0.25,2,2
2025-07-09,4L_W25_South,4L,W25,,,South,SCH,W25_OP,0.1417,6,6
2025-07-09,5L_W8_CON-DRV_North,5L,W8,,CON-DRV,North,SLGE,W8_OP,1.2545,11,11
2025-07-09,5L_W8_C_CON-DRV_West,5L,W8,C,CON-DRV,West,FLCH,W8_OP,0.6133,6,6
2025-07-09,6L_W15_A_SBL1_West,6L,W15,A,SBL1,West,SCH,W15A_OP,0.156,5,5
2025-07-09,6L_W1_A_SBL2_West,6L,W1,A,SBL2,West,FLCH,W1A_OP,6.16,7,7
2025-07-09,6L_W2_A_SBL2_East,6L,W2,A,SBL2,East,FLCH,W2A_OP,0.7771,7,7
2025-07-09,6L_W4_A_SBL2_West,6L,W4,A,SBL2,West,FLCH,W4A_OP,0.285,4,4
2025-07-10,2L_W23_SBL1_East,2L,W23,,SBL1,East,FLCH,W23_OP,3.794,5,5
2025-07-10,3L_W23_SBL3_East,3L,W23,,SBL3,East,SCH,W23_OP,1.234,5,5
2025-07-10,3L_W23_SBL3_South,3L,W23,,SBL3,South,SCH,W23_OP,2.405,6,6
2025-07-10,3L_W24_SBL1_West,3L,W24,,SBL1,West,FLCH,W24_OP,4.8667,3,3
2025-07-10,4L_W25_SBL1_South,4L,W25,,SBL1,South,SCH,W25_OP,0.79,6,6
2025-07-10,5L_W8_C_CON-DRV_West,5L,W8,C,CON-DRV,West,FLCH,W8_OP,0.615,8,8
2025-07-10,6L_W15_SBL1_West,6L,W15,,SBL1,West,FLCH,W15_OP,,0,4
2025-07-10,6L_W18_A_CON-DRV_North,6L,W18,A,CON-DRV,North,SCH,W18A_OP,,0,5
2025-07-10,6L_W1_A_SBL2_West,6L,W1,A,SBL2,West,FLCH,W1A_OP,4.3712,8,8
2025-07-10,6L_W3_A_SBL2_East,6L,W3,A,SBL2,East,FLCH,W4A_OP,0.57,4,4
2025-07-10,6L_W4_A_SBL2_West,6L,W4,A,SBL2,West,FLCH,W4A_OP,2.43,2,2
2025-07-11,2L_W23_SBL1_East,2L,W23,,SBL1,East,SCH,W23_OP,3.1786,7,7
2025-07-11,3L_W23_SBL3_East,3L,W23,,SBL3,East,SCH,W23_OP,1.633,10,10
2025-07-11,4L_W25_SBL1_South,4L,W25,,SBL1,South,SCH,W25_OP,0.3017,6,6
2025-07-11,5L_W8_C_CON-DRV_West,5L,W8,C,CON-DRV,West,FLCH,W8_OP,0.54,4,4
2025-07-11,6L_W15_A_SBL1_West,6L,W15,A,SBL1,West,FLCH,W15A_OP,8.1974,4,4
2025-07-11,6L_W18_A_CON-DRV_North,6L,W18,A,CON-DRV,North,SCH,W18A_OP,4.5165,4,4
2025-07-11,6L_W1_A_SBL2_West,6L,W1,A,SBL2,West,FLCH,W1A_OP,7.1329,7,7
2025-07-11,6L_W2_A_SBL2_West,6L,W2,A,SBL2,West,FLCH,W4A_OP,2.1767,6,6
2025-07-11,6L_W4_A_SBL2_East,6L,W4,A,SBL2,East,FLCH,W4A_OP,3.9786,7,7
2025-07-12,2L_W23_SBL1_East,2L,W23,,SBL1,East,FLCH,W23_OP,5.05,4,4
2025-07-12,3L_W23_SBL3_East,3L,W23,,SBL3,East,FLCH,,2.274,5,5
2025-07-12,3L_W24_SBL3_West,3L,W24,,SBL3,West,FLCH,W24_OP,0.99,3,3
2025-07-12,4L_W25_SBL1_South,4L,W25,,SBL1,South,SCH,W25_OP,1.092,5,5
2025-07-12,6L_W15_A_SBL1_West,6L,W15,A,SBL1,West,FLCH,W15A_OP,0.8022,4,4
2025-07-12,6L_W4_A_SBL2_East,6L,W4,A,SBL2,East,FLCH,W4A_OP,3.26,4,5
2025-07-12,6L_W8_C_SBL2_East,6L,W8,C,SBL2,East,FLCH,W9A_OP,1.4375,4,5
2025-07-14,2L_W23_SBL1_East,2L,W23,,SBL1,East,SCH,W23_OP,2.4833,3,3
2025-07-14,3L_W23_SBL1_East,3L,W23,,SBL1,East,SCH,W23_OP,1.6025,4,4
2025-07-14,3L_W24_SBL1_West,3L,W24,,SBL1,West,FLCH,W24_OP,2.4733,3,3
2025-07-14,4L_W25_SBL1_South,4L,W25,,SBL1,South,SCH,W25_OP,0.665,8,8
2025-07-14,5L_W12_East,5L,W12,,,East,SCH,W12_OP,5.254,5,5
2025-07-14,6L_W15_A_SBL2_West,6L,W15,A,SBL2,West,SCH,W15A_OP,3.9943,7,7
2025-07-14,6L_W18_A_CON-DRV_West,6L,W18,A,CON-DRV,West,GRABS,W18A_OP,19.6525,4,4
2025-07-14,6L_W2_A_SBL2_East,6L,W2,A,SBL2,East,FLCH,W2A_OP,0.38,7,7
2025-07-14,6L_W4_A_SBL2_East,6L,W4,A,SBL2,East,FLCH,W4A_OP,1.45,5,5
2025-07-14,6L_W8_C_SBL2_East,6L,W8,C,SBL2,East,FLCH,W8_OP,1.396,5,5
2025-07-15,3L_W23_SBL3_East,3L,W23,,SBL3,East,FLCH,W23_OP,1.9675,4,4
2025-07-15,3L_W23_SBL3_South,3L,W23,,SBL3,South,SCH,W23_OP,0.46,5,5
2025-07-15,3L_W24_SBL1_West,3L,W24,,SBL1,West,FLCH,W24_OP,2.0667,3,3
2025-07-15,3L_W25_HLGE_South,3L,W25,,HLGE,South,SCH,W25_WINZ,0.225,8,8
2025-07-15,4L_W25_SBL1_South,4L,W25,,SBL1,South,SCH,W25_OP,0.365,6,6
2025-07-15,5L_W8_North,5L,W8,,,North,SCH,W8_OP,3.0788,8,8
2025-07-15,6L_W15_A_SBL1_West,6L,W15,A,SBL1,West,FLCH,W15A_OP,2.0567,6,6
2025-07-15,6L_W15_A_SBL2_North,6L,W15,A,SBL2,North,FLCH,W15A_OP,3.31,5,5
2025-07-15,6L_W18_C_CON-DRV_North,6L,W18,C,CON-DRV,North,SCH,W18C_OP,0.26,4,4
2025-07-15,6L_W2_A_SBL2_East,6L,W2,A,SBL2,East,FLCH,W2A_OP,0.7575,4,4
2025-07-15,6L_W2_A_SBL2_West,6L,W2,A,SBL2,West,FLCH,W2A_OP,0.53,3,3
2025-07-15,6L_W4_A_SBL2_East,6L,W4,A,SBL2,East,FLCH,W4A_OP,2.566,5,5
2025-07-16,2L_W23_East,2L,W23,,,East,SCH,W23_OP,7.3633,6,6
2025-07-16,3L_W23_East,3L,W23,,,East,FLCH,W23_OP,1.2638,8,8
2025-07-16,4L_W26_SBL1_South,4L,W26,,SBL1,South,SCH,W25_OP,2.3125,4,4
2025-07-16,5L_W12_CON-DRV_South,5L,W12,,CON-DRV,South,SCH,W12_OP,,0,5
2025-07-16,5L_W12_SBL1_South,5L,W12,,SBL1,South,SCH,W12_OP,1.94,5,5
2025-07-16,5L_W8_SBL1_North,5L,W8,,SBL1,North,SLGE,W12_OP,0.09,3,4
2025-07-16,6L_W15_A_SBL1_West,6L,W15,A,SBL1,West,FLCH,W15A_OP,2.0767,3,3
2025-07-16,6L_W15_A_SBL2_North,6L,W15,A,SBL2,North,SCH,W15A_OP,1.11,5,5
2025-07-16,6L_W18_A_CON-DRV_East,6L,W18,A,CON-DRV,East,RCH,W18A_OP,0.915,2,2
2025-07-16,6L_W18_A_CON-DRV_West,6L,W18,A,CON-DRV,West,RCH,W18A_OP,1.3825,4,4
2025-07-16,6L_W2_A_SBL2_North,6L,W2,A,SBL2,North,FLCH,W2A_OP,2.9722,9,10
2025-07-16,6L_W8_C_SBL2_East,6L,W8,C,SBL2,East,FLCH,W8_OP,9.004,5,5
2025-07-17,2L_W23_HLGE_East,2L,W23,,HLGE,East,FLCH,W23_OP,0.7983,6,6
2025-07-17,3L_W23_SBL1_South,3L,W23,,SBL1,South,SCH,W23_OP,1.5771,7,7
2025-07-17,4L_W25_SBL1_North,4L,W25,,SBL1,North,FLCH,W25_OP,5.7833,6,6
2025-07-17,4L_W25_SBL1_South,4L,W25,,SBL1,South,SCH,W25_OP,0.1483,6,6
2025-07-17,5L_W12_CON-DRV_South,5L,W12,,CON-DRV,South,SCH,W12_OP,2.118,5,5
2025-07-17,5L_W8_North,5L,W8,,,North,SCH,W8_OP,0.42,3,3
2025-07-17,5L_W8_West,5L,W8,,,West,SLGE,,4.525,4,4
2025-07-17,6L_W15_A_SBL1_West,6L,W15,A,SBL1,West,FLCH,W15A_OP,2.2505,4,4
2025-07-17,6L_W15_A_SBL2_West,6L,W15,A,SBL2,West,SCH,W15A_OP,1.3504,5,5
2025-07-17,6L_W18_A_CON-DRV_East,6L,W18,A,CON-DRV,East,SCH,W18A_OP,2.925,8,8
2025-07-17,6L_W18_A_CON-DRV_West,6L,W18,A,CON-DRV,West,SCH,W18A_OP,0.115,2,2
2025-07-17,6L_W2_A_SBL2_North,6L,W2,A,SBL2,North,FLCH,W2A_OP,6.6583,6,6
2025-07-17,6L_W4_A_SBL2_East,6L,W4,A,SBL2,East,FLCH,W4A_OP,4.2883,6,6
2025-07-17,6L_W8_C_SBL2_East,6L,W8,C,SBL2,East,FLCH,W8_OP,2.6917,6,6
2025-07-18,2L_W23_East,2L,W23,,,East,FLCH,W23_OP,0.5213,7,9
2025-07-18,3L_W23_SBL1_South,3L,W23,,SBL1,South,SCH,W23_OP,1.1698,12,12
2025-07-18,4L_W25_SBL1_North,4L,W25,,SBL1,North,FLCH,W25_OP,4.5092,6,6
2025-07-18,5L_W12_C_CON-DRV_West,5L,W12,C,CON-DRV,West,SCH,P0829,0.4023,11,11
2025-07-18,5L_W8_CON-DRV_North,5L,W8,,CON-DRV,North,SCH,W8_OP,3.4741,9,9
2025-07-18,6L_W15_A_SBL1_North,6L,W15,A,SBL1,North,SCH,W15A_OP,3.595,4,4
2025-07-18,6L_W19_A_CON-DRV_East,6L,W19,A,CON-DRV,East,SCH,W19A_OP,6.206,5,5
2025-07-18,6L_W2_A_SBL2_East,6L,W2,A,SBL2,East,FLCH,W2A_OP,1.4517,6,6
2025-07-18,6L_W4_A_SBL2_East,6L,W4,A,SBL2,East,FLCH,W4A_OP,2.25,6,6
2025-07-18,6L_W8_C_SBL2_East,6L,W8,C,SBL2,East,FLCH,W8_OP,4.565,6,6
2025-07-19,2L_W23_East,2L,W23,,,East,FLCH,W23_OP,1.5575,4,4
2025-07-19,3L_W23_SBL3_South,3L,W23,,SBL3,South,SCH,W23_OP,0.7323,6,6
2025-07-19,4L_W25_North,4L,W25,,,North,FLCH,W25_OP,0.5648,6,6
2025-07-19,5L_W12_CON-DRV_East,5L,W12,,CON-DRV,East,SCH,P0827,0.43,9,9
2025-07-19,5L_W8_CON-DRV_North,5L,W8,,CON-DRV,North,SLGE,W8_OP,0.8283,6,6
2025-07-19,6L_E1_B_SBL1_East,6L,E1,B,SBL1,East,SCH,E1B_OP,4.01,2,2
2025-07-19,6L_W15_A_SBL1_West,6L,W15,A,SBL1,West,SCH,W15A_OP,0.7235,8,8
2025-07-19,6L_W15_A_SBL2_West,6L,W15,A,SBL2,West,FLCH,W15A_OP,0.3425,4,4
2025-07-19,6L_W19_A_CON-DRV_East,6L,W19,A,CON-DRV,East,GRABS,W19A_OP,0.3667,3,3
2025-07-19,6L_W2_A_SBL2_East,6L,W2,A,SBL2,East,FLCH,W2A_OP,3.0867,6,6
2025-07-19,6L_W4_A_SBL2_East,6L,W4,A,SBL2,East,FLCH,W4A_OP,1.9983,6,6
2025-07-19,6L_W8_C_SBL2_East,6L,W8,C,SBL2,East,FLCH,W8_OP,3.1067,6,6
2025-07-21,2L_W23_SBL1_East,2L,W23,,SBL1,East,SCH,W23_OP,1.49,8,8
2025-07-21,3L_W23_SBL3_East,3L,W23,,SBL3,East,FLCH,W23_OP,2.0033,9,9
2025-07-21,4L_W25_SBL1_North,4L,W25,,SBL1,North,FLCH,W25_OP,1.19,6,6
2025-07-21,5L_W8_SBL1_East,5L,W8,,SBL1,East,FLCH,W8_OP,8.112,5,5
2025-07-21,6L_E1_B_SBL1_East,6L,E1,B,SBL1,East,FLCH,E1B_OP,2.5067,3,3
2025-07-21,6L_W15_A_SBL1_West,6L,W15,A,SBL1,West,FLCH,W15A_OP,0.8833,3,3
2025-07-21,6L_W15_A_SBL2_West,6L,W15,A,SBL2,West,FLCH,W15A_OP,0.1975,4,4
2025-07-21,6L_W18_A_CON-DRV_North,6L,W18,A,CON-DRV,North,SCH,W18A_OP,6.2767,3,3
2025-07-21,6L_W2_A_SBL2_East,6L,W2,A,SBL2,East,SCH,W2A_OP,4.12,4,4
2025-07-21,6L_W4_A_SBL2_East,6L,W4,A,SBL2,East,FLCH,W4A_OP,1.9455,11,11
2025-07-21,6L_W8_C_SBL2_East,6L,W8,C,SBL2,East,FLCH,W8_OP,3.48,6,6
2025-07-22,2L_W23_SBL1_East,2L,W23,,SBL1,East,FLCH,W23_OP,1.025,4,5
2025-07-22,3L_W23_SBL1_East,3L,W23,,SBL1,East,FLCH,W23_OP,2.2483,6,6
2025-07-22,4L_W25_SBL1_North,4L,W25,,SBL1,North,FLCH,W25_OP,4.362,5,5
2025-07-22,5L_W12_C_CON-DRV_South,5L,W12,C,CON-DRV,South,SCH,W12_OP,1.1943,7,7
2025-07-22,5L_W8_C_CON-DRV_East,5L,W8,C,CON-DRV,East,FLCH,W8_OP,2.5817,6,6
2025-07-22,6L_W15_A_SBL1_West,6L,W15,A,SBL1,West,FLCH,W15A_OP,0.4,3,3
2025-07-22,6L_W15_B_SBL1_West,6L,W15,B,SBL1,West,FLCH,w15_OP,2.5533,3,3
2025-07-22,6L_W18_A_CON-DRV_North,6L,W18,A,CON-DRV,North,SLGE,W18A_RSE,7.0533,3,3
2025-07-22,6L_W4_A_SBL2_East,6L,W4,A,SBL2,East,FLCH,W4A_OP,4.445,10,10
2025-07-22,6L_W8_C_SBL2_East,6L,W8,C,SBL2,East,FLCH,W8_OP,3.898,5,5
2025-07-23,2L_W23_SBL1_East,2L,W23,,SBL1,East,FLCH,W23_OP,2.0033,9,9
2025-07-23,3L_W23_SBL1_East,3L,W23,,SBL1,East,FLCH,W23_OP,3.4075,12,12
2025-07-23,3L_W23_SBL1_South,3L,W23,,SBL1,South,SCH,W23_OP,0.5783,6,6
2025-07-23,4L_W25_SBL1_North,4L,W25,,SBL1,North,FLCH,W25_OP,1.93,3,3
2025-07-23,5L_W12_C_CON-DRV_East,5L,W12,C,CON-DRV,East,SCH,W12_OP,0.1167,3,3
2025-07-23,5L_W12_C_CON-DRV_West,5L,W12,C,CON-DRV,West,SCH,W12_OP,1.4314,7,7
2025-07-23,5L_W8_SBL1_East,5L,W8,,SBL1,East,FLCH,W8C_OP,0.778,5,5
2025-07-23,5L_W8_SBL1_West,5L,W8,,SBL1,West,FLCH,W8C_OP,2.8275,4,4
2025-07-23,6L_E1_B_SBL2_East,6L,E1,B,SBL2,East,FLCH,E1B_OP,3.3167,3,3
2025-07-23,6L_W15_SBL1_West,6L,W15,,SBL1,West,FLCH,W15A OP,0.4767,3,3
2025-07-23,6L_W15_SBL2_North,6L,W15,,SBL2,North,FLCH,W15A OP,0.8467,3,3
2025-07-23,6L_W18_A_CON-DRV_North,6L,W18,A,CON-DRV,North,SCH,W18 OP,0.59,3,3
2025-07-23,6L_W2_A_SBL2_West,6L,W2,A,SBL2,West,FLCH,W2A_OP,6.1922,9,9
2025-07-23,6L_W4_A_SBL2_East,6L,W4,A,SBL2,East,GRABS,W4A_OP,4.8675,8,8
2025-07-23,6L_W8_C_SBL2_East,6L,W8,C,SBL2,East,FLCH,W8_OP,2.7175,4,4
2025-07-24,2L_W23_SBL1_East,2L,W23,,SBL1,East,FLCH,W23_OP,3.3167,6,6
2025-07-24,3L_W23_SBL1_East,3L,W23,,SBL1,East,FLCH,W23_OP,0.301,5,5
2025-07-24,4L_W25_SBL1_North,4L,W25,,SBL1,North,FLCH,W25_OP,0.2473,3,3
2025-07-24,5L_W12_C_CON-DRV_South,5L,W12,C,CON-DRV,South,SLGE,W12_OP,5.3065,8,8
2025-07-24,5L_W8_C_CON-DRV_East,5L,W8,C,CON-DRV,East,FLCH,W8C_OP,0.6906,9,9
2025-07-24,6L_E1_B_SBL1_East,6L,E1,B,SBL1,East,FLCH,E1B_OP,3.455,2,2
2025-07-24,6L_W15_A_SBL2_North,6L,W15,A,SBL2,North,SCH,W15A OP,0.8977,6,6
2025-07-24,6L_W18_A_CON-DRV_West,6L,W18,A,CON-DRV,West,SCH,W19_RSE,3.137,4,4
2025-07-24,6L_W19_A_CON-DRV_West,6L,W19,A,CON-DRV,West,SLGE,W19A_OP,1.3116,8,9
2025-07-24,6L_W2_A_SBL2_West,6L,W2,A,SBL2,West,FLCH,W2A_OP,4.436,5,12
2025-07-24,6L_W4_A_SBL2_East,6L,W4,A,SBL2,East,FLCH,W4A_OP,,0,4
2025-07-24,6L_W8_C_SBL2_East,6L,W8,C,SBL2,East,FLCH,W8C_OP,,0,6
2025-07-25,2L_W23_HLGE_North,2L,W23,,HLGE,North,SCH,P0551,0.51,7,7
2025-07-25,2L_W23_SBL1_East,2L,W23,,SBL1,East,FLCH,W23_OP,7.0467,6,6
2025-07-25,3L_W23_SBL1_East,3L,W23,,SBL1,East,FLCH,W23_OP,3.798,5,5
2025-07-25,3L_W23_SBL1_South,3L,W23,,SBL1,South,SCH,P0799,0.175,6,6
2025-07-25,4L_W25_SBL1_North,4L,W25,,SBL1,North,FLCH,W25_OP,0.5071,7,7
2025-07-25,4L_W25_SBL1_West,4L,W25,,SBL1,West,FLCH,W25_OP,2.9433,3,3
2025-07-25,5L_W12_C_CON-DRV_South,5L,W12,C,CON-DRV,South,SCH,W12C_OP,0.1325,4,4
2025-07-25,5L_W8_C_CON-DRV_East,5L,W8,C,CON-DRV,East,FLCH,W8C_OP,4.858,5,5
2025-07-25,6L_E1_B_SBL2_East,6L,E1,B,SBL2,East,FLCH,E1B_OP,1.7233,3,3
2025-07-25,6L_W14_A_SBL1_East,6L,W14,A,SBL1,East,FLCH,W14A_OP,8.4733,3,3
2025-07-25,6L_W19_A_CON-DRV_South,6L,W19,A,CON-DRV,South,GRABS,,0.75,2,2
2025-07-25,6L_W2_A_SBL2_West,6L,W2,A,SBL2,West,FLCH,W2A_OP,2.895,12,12
2025-07-25,6L_W4_A_SBL2_East,6L,W4,A,SBL2,East,FLCH,W4A_OP,3.0612,8,8
2025-07-25,6L_W8_C_SBL2_East,6L,W8,C,SBL2,East,SCH,W8C_OP,2.428,5,5
2025-07-26,2L_W23_SBL1_East,2L,W23,,SBL1,East,FLCH,W23_OP,0.9368,5,5
2025-07-26,3L_W23_SBL1_South,3L,W23,,SBL1,South,FLCH,W23_OP,1.4057,4,4
2025-07-26,3L_W23_SBL1_West,3L,W23,,SBL1,West,FLCH,P0491,1.9125,4,4
2025-07-26,4L_W25_SBL1_North,4L,W25,,SBL1,North,FLCH,W25_OP,6.3388,5,5
2025-07-26,5L_W8_C_CON-DRV_East,5L,W8,C,CON-DRV,East,FLCH,W8C_OP,0.7702,8,8
2025-07-26,6L_E1_A_SBL2_East,6L,E1,A,SBL2,East,FLCH,E1B_OP,4.8,3,3
2025-07-26,6L_W14_A_SBL1_East,6L,W14,A,SBL1,East,FLCH,W14A_OP,1.1918,3,3
2025-07-26,6L_W15_A_SBL1_West,6L,W15,A,SBL1,West,FLCH,W15A OP,1.9462,4,4
2025-07-26,6L_W18_A_CON-DRV_North,6L,W18,A,CON-DRV,North,SCH,W18A_OP,0.2907,3,3
2025-07-26,6L_W2_A_SBL2_East,6L,W2,A,SBL2,East,FLCH,W2A_OP,5.5678,9,9
2025-07-26,6L_W4_A_SBL2_East,6L,W4,A,SBL2,East,FLCH,W4A_OP,3.8188,8,8
2025-07-26,6L_W8_C_SBL2_East,6L,W8,C,SBL2,East,FLCH,W8C_OP,1.095,4,4
2025-07-28,2L_W23_SBL1_East,2L,W23,,SBL1,East,FLCH,W23_OP,2.7425,4,4
2025-07-28,3L_W23_SBL1_South,3L,W23,,SBL1,South,FLCH,W23_OP,2.2233,6,6
2025-07-28,4L_W25_SBL1_North,4L,W25,,SBL1,North,FLCH,W25_OP,0.92,7,7
2025-07-28,4L_W25_SBL1_West,4L,W25,,SBL1,West,SCH,W25_OP,1.6175,4,4
2025-07-28,5L_W12_C_CON-DRV_South,5L,W12,C,CON-DRV,South,SCH,W12_OP,3.1786,7,7
2025-07-28,5L_W8_C_CON-DRV_East,5L,W8,C,CON-DRV,East,FLCH,W8C_OP,5.5856,9,9
2025-07-28,6L_E1_B_SBL1_East,6L,E1,B,SBL1,East,FLCH,E1B_OP,1.816,5,5
2025-07-28,6L_W15_A_SBL1_West,6L,W15,A,SBL1,West,SCH,W15A OP,2.7125,4,4
2025-07-28,6L_W18_B_CON-DRV_West,6L,W18,B,CON-DRV,West,SCH,W18B_OP,0.2475,4,4
2025-07-28,6L_W2_A_SBL2_West,6L,W2,A,SBL2,West,FLCH,W2A_OP,2.2154,13,13
2025-07-28,6L_W4_A_SBL2_East,6L,W4,A,SBL2,East,FLCH,W4A_OP,4.7875,4,4
2025-07-28,6L_W8_C_SBL2_East,6L,W8,C,SBL2,East,SCH,W8C_OP,1.79,4,4
2025-07-29,2L_W23_SBL1_East,2L,W23,,SBL1,East,FLCH,W23_OP,2.3233,6,6
2025-07-29,3L_W23_SBL1_South,3L,W23,,SBL1,South,FLCH,W23_OP,3.3467,6,6
2025-07-29,4L_W25_SBL1_North,4L,W25,,SBL1,North,FLCH,W25_OP,1.1886,7,7
2025-07-29,4L_W25_SBL1_West,4L,W25,,SBL1,West,FLCH,W25_OP,0.875,4,4
2025-07-29,5L_W8_C_SBL1_East,5L,W8,C,SBL1,East,FLCH,W8C_OP,3.67,5,5
2025-07-29,6L_E1_B_SBL1_East,6L,E1,B,SBL1,East,FLCH,E1B_OP,2.04,3,3
2025-07-29,6L_W15_A_SBL1_West,6L,W15,A,SBL1,West,SCH,W15A OP,1.0925,4,4
2025-07-29,6L_W18_B_CON-DRV_West,6L,W18,B,CON-DRV,West,SCH,W18B_OP,2.39,4,4
2025-07-29,6L_W2_A_SBL2_West,6L,W2,A,SBL2,West,FLCH,W2A_OP,5.94,11,11
2025-07-29,6L_W4_A_SBL2_East,6L,W4,A,SBL2,East,FLCH,W4A_OP,2.4127,15,15
2025-07-29,6L_W8_C_SBL2_East,6L,W8,C,SBL2,East,SCH,W8C_OP,3.1375,4,4
2025-07-30,2L_W23_SBL1_East,2L,W23,,SBL1,East,FLCH,W23_OP,5.8073,11,11
2025-07-30,5L_W12_C_CON-DRV_East,5L,W12,C,CON-DRV,East,GRABS,W12C_OP,0.46,2,2
2025-07-30,5L_W8_C_SBL1_East,5L,W8,C,SBL1,East,FLCH,W8C_OP,6.1583,12,12
2025-07-30,6L_E1_B_SBL2_East,6L,E1,B,SBL2,East,FLCH,E1B_OP,2.0167,3,3
2025-07-30,6L_W15_A_SBL1_West,6L,W15,A,SBL1,West,SCH,W15A OP,2.056,5,5
2025-07-30,6L_W18_B_CON-DRV_East,6L,W18,B,CON-DRV,East,SCH,W18B_OP,3.4225,4,4
2025-07-30,6L_W2_A_SBL2_West,6L,W2,A,SBL2,West,FLCH,W2A_OP,4.2409,11,11
2025-07-30,6L_W4_A_SBL2_East,6L,W4,A,SBL2,East,FLCH,W4A_OP,2.4312,8,8
2025-07-30,6L_W8_C_SBL2_East,6L,W8,C,SBL2,East,SCH,W8C_OP,3.0475,4,4
2025-07-31,2L_W23_East,2L,W23,,,East,FLCH,W23_OP,0.9536,11,11
2025-07-31,3L_W23_HLGE_South,3L,W23,,HLGE,South,SCH,W23_OP,0.522,5,5
2025-07-31,4L_W22_CON-DRV_East,4L,W22,,CON-DRV,East,SCH,W22_OP,0.448,5,5
2025-07-31,4L_W22_CON-DRV_West,4L,W22,,CON-DRV,West,SCH,W22_OP,1.104,5,5
2025-07-31,5L_W12_C_CON-DRV_SOUTH WEST,5L,W12,C,CON-DRV,SOUTH WEST,SCH,W12_OREPASS,1.317,10,10
2025-07-31,5L_W8_C_CON-DRV_East,5L,W8,C,CON-DRV,East,FLCH,W8_OREPASS,1.5267,6,6
2025-07-31,5L_W8_C_SBL1_East,5L,W8,C,SBL1,East,FLCH,W8_OP,3.675,8,8
2025-07-31,6L_E1_B_SBL1_East,6L,E1,B,SBL1,East,FLCH,6E1B_OP,1.7733,3,3
2025-07-31,6L_W15_A_SBL1_West,6L,W15,A,SBL1,West,SCH,W15A OP,0.61,2,2
2025-07-31,6L_W15_A_SBL2_East,6L,W15,A,SBL2,East,SCH,W15A_OP,1.5233,3,3
2025-07-31,6L_W18_B_CON-DRV_West,6L,W18,B,CON-DRV,West,SCH,W18B_OP,2.01,3,3
2025-07-31,6L_W2_SBL2_West,6L,W2,,SBL2,West,FLCH,6W2_OP,2.3733,9,9
2025-07-31,6L_W4_SBL2_East,6L,W4,,SBL2,East,FLCH,6W4_OP,2.7067,9,9
2025-07-31,6L_W8_C_SBL2_West,6L,W8,C,SBL2,West,FLCH,W8A_OP,2.3375,4,4
